experiment,n_train_rows,test_subset,n_test_rows,mae,rmse,r2
baseline_full_train_raw_price,1205563,full,201556,910610.28,9180555.53,0.1862
baseline_full_train_raw_price,1205563,normal_price_(<=train_P95),189301,475992.83,1667234.53,-11.3826
baseline_full_train_raw_price,1205563,high_price_(>train_P95),12255,7624075.55,36650308.89,0.1705
p999_trimmed_train_raw_price,1204393,full,201556,811384.67,9895279.17,0.0546
p999_trimmed_train_raw_price,1204393,normal_price_(<=train_P95),189301,395163.38,683656.68,-1.0821
p999_trimmed_train_raw_price,1204393,high_price_(>train_P95),12255,7240687.48,40039954.93,0.01
baseline_full_train_log1p_price,1205563,full,201556,781166.13,9825793.97,0.0678
baseline_full_train_log1p_price,1205563,normal_price_(<=train_P95),189301,318807.83,564474.81,-0.4194
baseline_full_train_log1p_price,1205563,high_price_(>train_P95),12255,7923139.8,39786408.56,0.0225
