price,area,n_properties,property_type,property_classification,region,city,city_district,year,quarter,price_per_m2_calculated,flagged_as
31837504626.0,961068.59,1.0,Commercial,,Riyadh,الرياض,الرياض/النخيل,2020,1,33127.19295716449,extreme_price
31837504626.0,82796.55,1.0,Commercial,,Riyadh,الرياض,الرياض/النخيل,2020,1,384526.9473909239,extreme_price
12996688997.0,460.56,1.0,Residential,,Riyadh,الرياض,الرياض/العقيق,2020,2,28219317.780528054,extreme_price
12996688997.0,224.42,1.0,Residential,,Riyadh,الرياض,الرياض/العقيق,2020,2,57912347.3710008,extreme_price
12996688997.0,173.1,1.0,Residential,,Riyadh,الرياض,الرياض/العقيق,2020,2,75081969.94222993,extreme_price
12996688997.0,380.38,1.0,Residential,,Riyadh,الرياض,الرياض/العقيق,2020,2,34167645.5044955,extreme_price
12996688997.0,299.31,1.0,Residential,,Riyadh,الرياض,الرياض/العقيق,2020,2,43422167.64224383,extreme_price
12996688997.0,16086.4,1.0,Residential,,Riyadh,الرياض,الرياض/العقيق,2020,2,807930.2390217824,extreme_price
12996688997.0,539455.78,1.0,Commercial,,Riyadh,الرياض,الرياض/النخيل,2020,2,24092.22308638532,extreme_price
12996688997.0,961068.59,1.0,Commercial,,Riyadh,الرياض,الرياض/النخيل,2020,2,13523.16487317518,extreme_price
12996688997.0,83537.62,1.0,Commercial,,Riyadh,الرياض,الرياض/النخيل,2020,2,155578.87568499078,extreme_price
2891765783.0,5671294.71,1.0,Commercial,,Eastern Province,الدمام,الدمام/أخرى,2022,4,509.8951704803928,extreme_price_and_area
2857142857.0,13088834.23,1.0,Residential,,Riyadh,الرياض,الرياض/ديراب,2022,2,218.28856617737148,extreme_price_and_area
2657190090.0,932347.4,1.0,Residential,Land,Riyadh,الرياض,الرياض/الرائد,2023,2,2850.0,extreme_price
2500000000.0,259796.53,1.0,Commercial,Land,Riyadh,الرياض,الرياض/قرطبة,2023,2,9622.915286820806,extreme_price
2437000226.0,587228.97,1.0,Commercial,,Riyadh,الرياض,الرياض/الياسمين,2025,4,4150.000000851457,extreme_price
2274109000.0,4548218.0,1.0,Commercial,,Riyadh,الرياض,الرياض/النظيم,2024,4,500.0,extreme_price_and_area
2172113296.0,4548705.93,1.0,Commercial,,Eastern Province,الدمام,الدمام/أخرى,2022,2,477.5233504708008,extreme_price_and_area
1745439948.0,623371.41,1.0,Commercial,,Riyadh,الرياض,الرياض/الرائد,2020,4,2800.0,extreme_price
1628410300.0,871530.0,1.0,Commercial,,Riyadh,الرياض,الرياض/الرمال,2024,2,1868.4500820396315,extreme_price
1572623433.0,13088834.23,1.0,Residential,,Riyadh,الرياض,الرياض/ديراب,2021,1,120.15000002028448,extreme_price_and_area
1521462500.0,515749.59,1.0,Commercial,Land,Riyadh,الرياض,الرياض/الرائد,2023,3,2950.0023451303177,extreme_price
1377708484.32,4100322.87,1.0,Commercial,Land,Eastern Province,الخبر,الخبر/ العزيزية ,2023,3,336.0,extreme_price
1250000000.0,717359.37,1.0,Commercial,,Riyadh,الرياض,الرياض/الملقا,2020,2,1742.5018091002282,extreme_price
1250000000.0,3049.99,1.0,Residential,,Riyadh,الرياض,الرياض/العقيق,2023,4,409837.4093029813,extreme_price
1243760304.0,3768970.62,1.0,Commercial,,Riyadh,الرياض,الرياض/عريض,2024,3,329.99999984080534,extreme_price
1239867270.0,137763.03,1.0,Residential,,Riyadh,الدرعيه,الدرعيه/أخرى,2025,1,9000.0,extreme_price
1142520850.0,228504.17,1.0,Commercial,,Riyadh,الرياض,الرياض/قرطبة,2025,2,5000.0,extreme_price
1037820000.0,1969925.91,1.0,Commercial,Land,Makkah,جده,جده/ الوزيرية ,2023,3,526.8319964378762,extreme_price
985529385.0,135717.35,1.0,Commercial,,Makkah,جده,جده/ الشاطئ ,2025,3,7261.631508425415,extreme_price
974744113.0,484947.32,1.0,Residential,,Riyadh,الرياض,الرياض/حطين,2022,2,2009.999999587584,extreme_price
960596000.0,72892.0,1.0,Commercial,,Riyadh,الرياض,الرياض/النخيل,2024,4,13178.346046205344,extreme_price
932922600.0,5414613.0,1.0,Commercial,,Riyadh,الرياض,الرياض/النظيم,2021,3,172.29718910658988,extreme_price_and_area
917000000.0,59504.44,1.0,Residential,,Makkah,مكة المكرمة,مكة المكرمة/ كدي ,2022,2,15410.614737320442,extreme_price
912338714.0,5671294.71,1.0,Commercial,,Eastern Province,الدمام,الدمام/أخرى,2020,4,160.86956517905944,extreme_price_and_area
900000000.0,170746.0,13.0,Commercial,,Makkah,جده,جده/ المحمدية ,2021,1,5270.98731449053,extreme_price
850000000.0,3495.92,1.0,Residential,,Riyadh,الرياض,الرياض/الملز,2025,4,243140.57529920596,extreme_price
772085000.0,1000972.0,1.0,Commercial,,Riyadh,الرياض,الرياض/الجنادرية,2024,3,771.3352621252143,extreme_price
760000000.0,765986.5,1.0,Commercial,,Makkah,جده,جده/ الأمواج ,2022,4,992.1845881095816,extreme_price
760000000.0,4071313.72,1.0,Commercial,Land,Madinah,مدينة المدينة المنورة,مدينة المدينة المنورة/ الملك فهد ,2023,2,186.6719325181357,extreme_price
757550000.0,1168756.72,1.0,Commercial,Land,Makkah,جده,جده/ الجوهرة ,2023,3,648.167396205431,extreme_price
750000000.0,46055.01,1.0,Residential,,Riyadh,الرياض,الرياض/النرجس,2025,1,16284.87324180366,extreme_price
745664000.0,932080.0,1.0,Commercial,,Makkah,جده,جده/ الياقوت ,2022,2,800.0,extreme_price
742891331.0,1061273.33,1.0,Residential,,Riyadh,الرياض,الرياض/النظيم,2024,3,700.0,extreme_price
731748345.0,4548705.93,1.0,Commercial,,Eastern Province,الدمام,الدمام/أخرى,2020,4,160.86956516004102,extreme_price_and_area
727091852.0,1913399.61,1.0,Commercial,,Riyadh,الرياض,الرياض/ السحاب ,2022,1,380.000000104526,extreme_price
696368050.0,1000000.0,1.0,Commercial,Land,Eastern Province,الدمام,حي/غرب الدمام,2023,1,696.36805,extreme_price
695225786.0,8714.0,1.0,Commercial,,Makkah,جده,جده/ الاندلس ,2023,4,79782.62405324765,extreme_price
687344370.0,1824118.0,1.0,Residential,,Eastern Province,الهفوف,الهفوف/ الرقيقة ,2021,4,376.8091592758802,extreme_price
678739425.0,646418.5,3.0,Commercial,,Riyadh,الرياض,الرياض/ السحاب ,2025,1,1050.0,extreme_price
677445000.0,39850.0,4.0,Commercial,,Riyadh,الرياض,الرياض/النرجس,2024,1,16999.874529485573,extreme_price
656943651.0,729937.39,1.0,Commercial,,Riyadh,الدرعيه,الدرعيه/أخرى,2022,2,900.0,extreme_price
650000000.0,10325.82,1.0,Commercial,,Riyadh,الدرعيه,الدرعيه/ العاصمه ,2025,2,62948.99581824979,extreme_price
648500000.0,127038.08,55.0,Commercial,,Riyadh,الرياض,الرياض/العليا,2024,2,5104.768585923213,extreme_price
644332609.0,2369438.41,1.0,Commercial,,Riyadh,الرياض,الرياض/العماجية,2025,1,271.9347362145615,extreme_price
635110000.0,765676.05,1.0,Commercial,Land,Makkah,جده,جده/ الخمرة ,2023,3,829.4761211350414,extreme_price
628936718.0,103104.38,2.0,Commercial,Land,Riyadh,الرياض,الرياض/الندى,2023,3,6100.0,extreme_price
624173907.0,658149.51,1.0,Residential,,Makkah,مكة المكرمة,مكة المكرمة/ محله شرفه الخلاص بام الدخان ,2020,3,948.377074686267,extreme_price
623970000.0,695174.06,1.0,Commercial,Land,Makkah,جده,جده/ مدائن الفهد ,2023,3,897.5737673525965,extreme_price
622321250.0,250322.85,1.0,Commercial,,Riyadh,الرياض,الرياض/الروضة,2023,4,2486.074483412121,extreme_price
622013415.0,2958344.73,2.0,Commercial,Land,Riyadh,الرياض,الرياض/النظيم,2023,3,210.2572457808188,extreme_price
605174848.0,448276.32,1.0,Commercial,,Makkah,جده,جده/الفردوس,2023,4,1350.0040510727847,extreme_price
600180996.0,24007239.86,1.0,Commercial,,Riyadh,الرياض,الرياض/الجنادرية,2024,4,24.99999997917295,extreme_price_and_area
600000000.0,3620200.0,1.0,Residential,,Makkah,جده,جده/ خليج سلمان ,2024,2,165.7366996298547,extreme_price
600000000.0,3620200.0,1.0,Residential,,Makkah,جده,جده/ خليج سلمان ,2025,1,165.7366996298547,extreme_price
588477807.0,720682.28,1.0,Commercial,,Makkah,جده,جده/ المنارات ,2022,2,816.5565094787678,extreme_price
587393373.0,136603.11,1.0,Commercial,,Riyadh,الرياض,الرياض/النخيل,2021,3,4300.0,extreme_price
586000000.0,162616.5,1.0,Agricultural,,Eastern Province,الهفوف,الهفوف/أخرى,2025,2,3603.570363401008,extreme_price
569429950.0,118885.99,1.0,Commercial,Land,Riyadh,الدرعيه,الدرعيه/أخرى,2023,2,4789.714498739507,extreme_price
568730000.0,680863.28,1.0,Commercial,Land,Makkah,جده,جده/ الخمرة ,2023,3,835.307200000564,extreme_price
560000000.0,2000000.0,1.0,Commercial,,Riyadh,الرياض,الرياض/الشرق,2022,1,280.0,extreme_price
554380000.0,1491372.45,1.0,Commercial,Land,Makkah,جده,جده/ الجوهرة ,2023,3,371.7247157140391,extreme_price
549238200.0,584296.37,1.0,Commercial,,Riyadh,الرياض,الرياض/الرمال,2021,4,939.9993362957226,extreme_price
548981261.0,157299.0,1.0,Residential,Land,Riyadh,الدرعيه,حي/طريق صلبوخ,2023,1,3490.049275583443,extreme_price
541467000.0,4180.0,1.0,Residential,,Riyadh,الرياض,الرياض/المدينة الصناعية الجديدة,2025,4,129537.55980861244,extreme_price
535169556.0,4916.96,1.0,Commercial,,Makkah,مكة المكرمة,مكة المكرمة/ مشروع طريق الملك عبدالعزيز ,2024,1,108841.55169047542,extreme_price
533050679.0,761500.97,3.0,Commercial,,Riyadh,الرياض,الرياض/ السحاب ,2022,3,700.0,extreme_price
532510000.0,484100.0,1.0,Commercial,Land,Riyadh,الرياض,الرياض/النظيم,2023,2,1100.0,extreme_price
527625000.0,31500.0,1.0,Commercial,,Riyadh,الرياض,الرياض/الملك فهد,2023,4,16750.0,extreme_price
514651919.0,97234.58,1.0,Commercial,,Riyadh,الرياض,الرياض/المونسية,2025,2,5292.889823764343,extreme_price
501949609.0,6893.41,1.0,Residential,,Makkah,مكة المكرمة,مكة المكرمة/ مشروع طريق الملك عبدالعزيز ,2023,4,72815.86457210583,extreme_price
500860140.0,1517758.0,1.0,Commercial,,Asir,خميس مشيط,خميس مشيط/ شرق وادى ذهبان الطلح ,2022,4,330.0,extreme_price
500000000.0,35716.0,1.0,Commercial,,Riyadh,الرياض,الرياض/الملك فهد,2022,4,13999.328032254452,extreme_price
498420000.0,103218.81,1.0,Commercial,,Qassim,بريده,بريده/ حي الافق ,2023,4,4828.77103504681,extreme_price
498393181.0,8306553.02,1.0,Residential,,Riyadh,الرياض,الرياض/الحائر,2024,2,59.99999997592263,extreme_price_and_area
497000000.0,8057.99,1.0,Commercial,Land,Riyadh,الرياض,الرياض/المحمدية,2023,2,61677.912233696,extreme_price
493468297.0,6893.54,1.0,Residential,,Makkah,مكة المكرمة,مكة المكرمة/ مشروع طريق الملك عبدالعزيز ,2023,4,71584.16386936176,extreme_price
490000000.0,13105996.0,1.0,Agricultural,,Riyadh,الدرعيه,الدرعيه/أخرى,2024,3,37.38746753775905,extreme_price_and_area
480000000.0,31627.5,1.0,Commercial,,Riyadh,الرياض,الرياض/حطين,2024,2,15176.665876215318,extreme_price
476190476.0,55473.94,1.0,Commercial,,Riyadh,الرياض,الرياض/العقيق,2024,2,8584.039208320159,extreme_price
470111040.0,33579.36,3.0,Commercial,,Riyadh,الدرعيه,الدرعيه/ السلمانية ,2024,4,14000.0,extreme_price
465018680.0,381612.04,2.0,Commercial,,Riyadh,الرياض,الرياض/ السحاب ,2025,2,1218.5639635479008,extreme_price
465000000.0,27842.27,1.0,Commercial,Land,Riyadh,الرياض,الرياض/المربع,2023,3,16701.22443320893,extreme_price
465000000.0,10302.5,1.0,Commercial,,Riyadh,الرياض,الرياض/المحمدية,2023,4,45134.67604950255,extreme_price
452988154.0,724259.58,1.0,Commercial,,Makkah,جده,جده/ أم حبلين ,2020,1,625.449999570596,extreme_price
451982195.76,19410.51,18.0,Commercial,Land,Makkah,جده,جده/ النهضة ,2023,3,23285.436382660737,extreme_price
450125000.0,45012.5,2.0,Commercial,,Riyadh,الرياض,الرياض/حطين,2024,3,10000.0,extreme_price
449960032.0,600624.92,1.0,Commercial,,Riyadh,الرياض,الرياض/القادسية,2024,1,749.1531187217473,extreme_price
446992980.0,21285.38,3.0,Commercial,,Riyadh,الرياض,الرياض/الرحمانية,2024,3,21000.0,extreme_price
446494120.0,366410.08,2.0,Commercial,,Riyadh,الرياض,الرياض/ السحاب ,2025,3,1218.5639652708244,extreme_price
286628832.0,5028576.0,1.0,Commercial,,Riyadh,الرياض,الرياض/ شمال شرق مدينة الرياض ,2022,3,57.0,extreme_area
274944594.0,19638899.6,1.0,Agricultural,,Riyadh,ضرماء,ضرماء/أخرى,2023,4,13.99999997963226,extreme_area
157216285.0,6288651.38,1.0,Commercial,,Riyadh,الرياض,الرياض/الجنادرية,2024,4,25.000000079508304,extreme_area
132423169.0,5296926.76,1.0,Commercial,,Riyadh,الرياض,الرياض/أخرى,2024,4,25.0,extreme_area
115310228.0,5241374.0,1.0,Agricultural,,Riyadh,ضرماء,ضرماء/أخرى,2025,4,22.0,extreme_area
102495650.0,10249565.0,1.0,Agricultural,,Riyadh,الدلم,الدلم/ طريق العيون ,2025,4,10.0,extreme_area
80167286.0,8016728.6,1.0,Agricultural,,Riyadh,المزاحميه,المزاحميه/ بطين ضرماء ,2024,1,10.0,extreme_area
20394769.0,7681602.0,1.0,Agricultural,,Riyadh,الدرعيه,الدرعيه/ خارج حدود الأحياء ,2021,2,2.655015060660524,extreme_area
18500000.0,8000000.0,1.0,Agricultural,,Eastern Province,قرية العليا,قرية العليا/أخرى,2025,4,2.3125,extreme_area
15000000.0,6000000.0,1.0,Agricultural,,Riyadh,الدلم,الدلم/أخرى,2021,3,2.5,extreme_area
12534906.0,4609006.0,1.0,Agricultural,,Riyadh,المزاحميه,المزاحميه/أخرى,2021,4,2.7196549538013186,extreme_area
10000000.0,7271661.0,1.0,Agricultural,,Riyadh,الخرج,الخرج/ السهباء ,2023,4,1.3752016217477685,extreme_area
8193071.0,5462047.15,1.0,Agricultural,,Hail,بقعاء,بقعاء/أخرى,2024,2,1.5000000503474231,extreme_area
8099665.0,5399776.48,1.0,Agricultural,,Hail,بقعاء,بقعاء/أخرى,2024,2,1.5000000518539982,extreme_area
6000000.0,13544600.8,1.0,Agricultural,,Qassim,رياض الخبراء,رياض الخبراء/أخرى,2021,3,0.4429809404201857,extreme_area
5523686.0,4609006.0,1.0,Agricultural,,Riyadh,المزاحميه,المزاحميه/أخرى,2021,4,1.1984549380061558,extreme_area
5120000.0,4609006.0,1.0,Agricultural,,Riyadh,المزاحميه,المزاحميه/أخرى,2021,4,1.1108685907547091,extreme_area
4829077.0,4609006.0,1.0,Agricultural,,Riyadh,المزاحميه,المزاحميه/أخرى,2021,4,1.047748039382027,extreme_area
4406824.0,4609006.0,1.0,Agricultural,,Riyadh,المزاحميه,المزاحميه/أخرى,2021,4,0.9561332747234436,extreme_area
3766094.0,4609006.0,1.0,Agricultural,,Riyadh,المزاحميه,المزاحميه/أخرى,2021,4,0.8171163153183137,extreme_area
3556366.0,4609006.0,1.0,Agricultural,,Riyadh,المزاحميه,المزاحميه/أخرى,2021,4,0.771612360669524,extreme_area
3497699.0,4609006.0,1.0,Agricultural,,Riyadh,المزاحميه,المزاحميه/أخرى,2021,4,0.7588835857449524,extreme_area
3462932.0,4609006.0,1.0,Agricultural,,Riyadh,المزاحميه,المزاحميه/أخرى,2021,4,0.7513403106873803,extreme_area
3179348.0,5381766.03,1.0,Agricultural,,Qassim,الشماسيه,الشماسيه/أخرى,2025,3,0.5907629544422985,extreme_area
3166002.0,4609006.0,1.0,Agricultural,,Riyadh,المزاحميه,المزاحميه/أخرى,2021,4,0.6869164414192561,extreme_area
3105000.0,4609006.0,1.0,Agricultural,,Riyadh,المزاحميه,المزاحميه/أخرى,2021,4,0.6736810496666743,extreme_area
2886912.0,4609006.0,1.0,Agricultural,,Riyadh,المزاحميه,المزاحميه/أخرى,2021,4,0.6263632548970429,extreme_area
2721000.0,4609006.0,1.0,Agricultural,,Riyadh,المزاحميه,المزاحميه/أخرى,2021,4,0.5903659053600712,extreme_area
2588914.0,4609006.0,1.0,Agricultural,,Riyadh,المزاحميه,المزاحميه/أخرى,2021,4,0.561707665383816,extreme_area
2536000.0,4609006.0,1.0,Agricultural,,Riyadh,المزاحميه,المزاحميه/أخرى,2021,4,0.550227098858192,extreme_area
2500000.0,5790606.0,1.0,Agricultural,,Qassim,البكيريه,البكيريه/أخرى,2021,3,0.4317337425478438,extreme_area
2437482.0,4609006.0,1.0,Agricultural,,Riyadh,المزاحميه,المزاحميه/أخرى,2021,4,0.5288519910800724,extreme_area
2401000.0,4609006.0,1.0,Agricultural,,Riyadh,المزاحميه,المزاحميه/أخرى,2021,4,0.5209366184379018,extreme_area
2375450.0,4609006.0,1.0,Agricultural,,Riyadh,المزاحميه,المزاحميه/أخرى,2021,4,0.5153931238102099,extreme_area
2082935.0,4609006.0,1.0,Agricultural,,Riyadh,المزاحميه,المزاحميه/أخرى,2021,4,0.4519271617350899,extreme_area
2011488.0,4609006.0,1.0,Agricultural,,Riyadh,المزاحميه,المزاحميه/أخرى,2021,4,0.4364255546640642,extreme_area
1881013.0,4609006.0,1.0,Agricultural,,Riyadh,المزاحميه,المزاحميه/أخرى,2021,4,0.4081168477541578,extreme_area
1878585.0,5400000.0,1.0,Agricultural,,Riyadh,ضرماء,ضرماء/أخرى,2021,4,0.3478861111111111,extreme_area
1659632.0,4609006.0,1.0,Agricultural,,Riyadh,المزاحميه,المزاحميه/أخرى,2021,4,0.3600845822287929,extreme_area
1618419.0,4609006.0,1.0,Agricultural,,Riyadh,المزاحميه,المزاحميه/أخرى,2021,4,0.3511427409727824,extreme_area
1607000.0,4609006.0,1.0,Agricultural,,Riyadh,المزاحميه,المزاحميه/أخرى,2021,4,0.3486652002622691,extreme_area
1572000.0,4609006.0,1.0,Agricultural,,Riyadh,المزاحميه,المزاحميه/أخرى,2021,4,0.3410713720051568,extreme_area
1559000.0,4609006.0,1.0,Agricultural,,Riyadh,المزاحميه,المزاحميه/أخرى,2021,4,0.3382508072239437,extreme_area
1535219.0,4609006.0,1.0,Agricultural,,Riyadh,المزاحميه,المزاحميه/أخرى,2021,4,0.3330911263730184,extreme_area
1345000.0,4609006.0,1.0,Agricultural,,Riyadh,المزاحميه,المزاحميه/أخرى,2021,4,0.291819971594743,extreme_area
1254000.0,4609006.0,1.0,Agricultural,,Riyadh,المزاحميه,المزاحميه/أخرى,2021,4,0.2720760181262511,extreme_area
1231000.0,4609006.0,1.0,Agricultural,,Riyadh,المزاحميه,المزاحميه/أخرى,2021,4,0.2670857881287201,extreme_area
1230000.0,4609006.0,1.0,Agricultural,,Riyadh,المزاحميه,المزاحميه/أخرى,2021,4,0.2668688216070883,extreme_area
1021175.0,5400000.0,1.0,Agricultural,,Riyadh,ضرماء,ضرماء/أخرى,2021,2,0.1891064814814815,extreme_area
919550.0,5400000.0,1.0,Agricultural,,Riyadh,ضرماء,ضرماء/أخرى,2021,4,0.170287037037037,extreme_area
808475.0,5400000.0,1.0,Agricultural,,Riyadh,ضرماء,ضرماء/أخرى,2021,3,0.1497175925925926,extreme_area
795580.0,5400000.0,1.0,Agricultural,,Riyadh,ضرماء,ضرماء/أخرى,2021,2,0.1473296296296296,extreme_area
750508.0,5400000.0,1.0,Agricultural,,Riyadh,ضرماء,ضرماء/أخرى,2021,4,0.1389829629629629,extreme_area
665039.0,5400000.0,1.0,Agricultural,,Riyadh,ضرماء,ضرماء/أخرى,2021,3,0.1231553703703703,extreme_area
634000.0,4609006.0,1.0,Agricultural,,Riyadh,المزاحميه,المزاحميه/أخرى,2021,4,0.137556774714548,extreme_area
586100.0,5400000.0,1.0,Agricultural,,Riyadh,ضرماء,ضرماء/أخرى,2021,4,0.108537037037037,extreme_area
550000.0,5400000.0,1.0,Agricultural,,Riyadh,ضرماء,ضرماء/أخرى,2021,1,0.1018518518518518,extreme_area
500000.0,5400000.0,1.0,Agricultural,,Riyadh,ضرماء,ضرماء/أخرى,2021,3,0.0925925925925925,extreme_area
500000.0,5400000.0,1.0,Agricultural,,Riyadh,ضرماء,ضرماء/أخرى,2021,3,0.0925925925925925,extreme_area
430000.0,5400000.0,1.0,Agricultural,,Riyadh,ضرماء,ضرماء/أخرى,2021,1,0.0796296296296296,extreme_area
365000.0,5400000.0,1.0,Agricultural,,Riyadh,ضرماء,ضرماء/أخرى,2021,1,0.0675925925925925,extreme_area
330000.0,5400000.0,1.0,Agricultural,,Riyadh,ضرماء,ضرماء/أخرى,2021,4,0.0611111111111111,extreme_area
310000.0,5400000.0,1.0,Agricultural,,Riyadh,ضرماء,ضرماء/أخرى,2021,3,0.0574074074074074,extreme_area
300000.0,5400000.0,1.0,Agricultural,,Riyadh,ضرماء,ضرماء/أخرى,2021,3,0.0555555555555555,extreme_area
238000.0,5400000.0,1.0,Agricultural,,Riyadh,ضرماء,ضرماء/أخرى,2021,3,0.044074074074074,extreme_area
230000.0,4609006.0,1.0,Agricultural,,Riyadh,المزاحميه,المزاحميه/أخرى,2021,4,0.0499022999753092,extreme_area
220000.0,4609006.0,1.0,Agricultural,,Riyadh,المزاحميه,المزاحميه/أخرى,2021,4,0.0477326347589914,extreme_area
210000.0,4609006.0,1.0,Agricultural,,Riyadh,المزاحميه,المزاحميه/أخرى,2021,4,0.0455629695426736,extreme_area
200000.0,5400000.0,1.0,Agricultural,,Riyadh,ضرماء,ضرماء/أخرى,2021,3,0.037037037037037,extreme_area
195000.0,4609006.0,1.0,Agricultural,,Riyadh,المزاحميه,المزاحميه/أخرى,2021,4,0.0423084717181969,extreme_area
184000.0,5400000.0,1.0,Agricultural,,Riyadh,ضرماء,ضرماء/أخرى,2021,2,0.034074074074074,extreme_area
180000.0,5400000.0,1.0,Agricultural,,Riyadh,ضرماء,ضرماء/أخرى,2021,3,0.0333333333333333,extreme_area
155000.0,5400000.0,1.0,Agricultural,,Riyadh,ضرماء,ضرماء/أخرى,2021,1,0.0287037037037037,extreme_area
155000.0,5400000.0,1.0,Agricultural,,Riyadh,ضرماء,ضرماء/أخرى,2021,3,0.0287037037037037,extreme_area
111735.0,5400000.0,1.0,Agricultural,,Riyadh,ضرماء,ضرماء/أخرى,2021,3,0.0206916666666666,extreme_area
100000.0,5400000.0,1.0,Agricultural,,Riyadh,ضرماء,ضرماء/أخرى,2021,3,0.0185185185185185,extreme_area
100000.0,5400000.0,1.0,Agricultural,,Riyadh,ضرماء,ضرماء/أخرى,2021,4,0.0185185185185185,extreme_area
100000.0,5400000.0,1.0,Agricultural,,Riyadh,ضرماء,ضرماء/أخرى,2021,2,0.0185185185185185,extreme_area
90000.0,5400000.0,1.0,Agricultural,,Riyadh,ضرماء,ضرماء/أخرى,2021,2,0.0166666666666666,extreme_area
90000.0,5400000.0,1.0,Agricultural,,Riyadh,ضرماء,ضرماء/أخرى,2021,4,0.0166666666666666,extreme_area
88000.0,5400000.0,1.0,Agricultural,,Riyadh,ضرماء,ضرماء/أخرى,2021,1,0.0162962962962962,extreme_area
80000.0,5400000.0,1.0,Agricultural,,Riyadh,ضرماء,ضرماء/أخرى,2021,2,0.0148148148148148,extreme_area
72625.0,5400000.0,1.0,Agricultural,,Riyadh,ضرماء,ضرماء/أخرى,2021,3,0.013449074074074,extreme_area
60000.0,5400000.0,1.0,Agricultural,,Riyadh,ضرماء,ضرماء/أخرى,2021,1,0.0111111111111111,extreme_area
50000.0,5400000.0,1.0,Agricultural,,Riyadh,ضرماء,ضرماء/أخرى,2021,1,0.0092592592592592,extreme_area
50000.0,5400000.0,1.0,Agricultural,,Riyadh,ضرماء,ضرماء/أخرى,2021,2,0.0092592592592592,extreme_area
30000.0,5400000.0,1.0,Agricultural,,Riyadh,ضرماء,ضرماء/أخرى,2021,2,0.0055555555555555,extreme_area
20000.0,5400000.0,1.0,Agricultural,,Riyadh,ضرماء,ضرماء/أخرى,2021,4,0.0037037037037037,extreme_area
10000.0,5400000.0,1.0,Agricultural,,Riyadh,ضرماء,ضرماء/أخرى,2021,1,0.0018518518518518,extreme_area
