year,quarter,transaction_count,total_value,mean_price,median_price,period,qoq_growth_pct,yoy_growth_pct,rolling_4q_avg_count,median_price_per_m2
2020,1,79827,39952854523.0,500492.9976449071,230000.0,2020-Q1,,,,377.77777777777777
2020,2,48948,36225094116.0,740073.0186320177,324000.0,2020-Q2,-38.68240069149535,,,561.5942028985507
2020,3,63701,26752542776.0,419970.5306981052,180000.0,2020-Q3,30.140148729263714,,,295.77048210588583
2020,4,81277,44127031510.0,542921.509283069,204762.0,2020-Q4,27.591403588640674,,68438.25,344.82758620689657
2021,1,91864,49802853133.0,542136.7797287294,250000.0,2021-Q1,13.025825264219893,15.078858030490938,71447.5,378.7878787878788
2021,2,65790,40041617205.0,608627.7124943001,240000.0,2021-Q2,-28.383262213707216,34.407943123314546,75658.0,419.35483870967744
2021,3,55186,38863491884.0,704227.3744065524,300000.0,2021-Q3,-16.117951056391544,-13.367137093609205,73529.25,500.0
2021,4,65432,49757115501.0,760440.0828493703,340000.0,2021-Q4,18.566303047874456,-19.4950601031042,69568.0,560.0
2022,1,70407,57312746831.0,814020.5779396935,400000.0,2022-Q1,7.60331336349187,-23.357354349908565,64203.75,680.2721088435375
2022,2,52359,52813570672.0,1008681.8058404477,380000.0,2022-Q2,-25.633814819549194,-20.414956680346553,60846.0,689.1957086080544
2022,3,45431,37836935927.0,832844.0035878585,335000.0,2022-Q3,-13.231727114727176,-17.676584641032143,58407.25,650.887573964497
2022,4,42979,44939279998.0,1045610.181670118,360000.0,2022-Q4,-5.397195747397154,-34.31501406039858,52794.0,742.5742574257425
2023,1,43523,37208497147.0,854915.7260988443,350000.0,2023-Q1,1.2657344284418004,-38.18370332495349,46073.0,711.1111111111111
2023,2,38471,41701932213.86,1083983.5776002703,400000.0,2023-Q2,-11.60765572226179,-26.524570751924216,42601.0,855.8558555555555
2023,3,48036,48012058872.62,999501.6003126822,380000.0,2023-Q3,24.86288373060228,5.733970196561811,43252.25,750.0
2023,4,51802,55577100165.0,1072875.5678352187,420000.0,2023-Q4,7.839953368307095,20.52863026129039,45458.0,925.925925925926
2024,1,58488,62995823498.0,1077072.621700178,450000.0,2024-Q1,12.906837573838859,34.38411874181466,49199.25,1000.0
2024,2,47817,51379824512.0,1074509.578434448,496061.0,2024-Q2,-18.24476815757078,24.29362376855293,51535.75,1142.857142857143
2024,3,68460,68044748331.0,993934.3898773006,455000.0,2024-Q3,43.17083882301274,42.51811141643766,56641.75,1000.0
2024,4,72323,71456708832.0,988021.91325028,468000.0,2024-Q4,5.6427110721589235,39.61430060615421,61772.0,1111.111111111111
2025,1,65179,68956734401.0,1057959.379570107,465000.0,2025-Q1,-9.877908825684777,11.439953494733967,63444.75,1065.0599476599111
2025,2,42151,40672704482.0,964928.5777798865,430000.0,2025-Q2,-35.33039782752113,-11.849342284124898,62028.25,1000.0
2025,3,48429,42460686030.0,876761.5691011584,411678.0,2025-Q3,14.89407131503404,-29.259421560035058,57020.5,979.9962436973576
2025,4,44179,45461101081.0,1029020.5998551348,445000.0,2025-Q4,-8.7757335480807,-38.91431494821841,49984.5,1122.2616666666668
