region,transaction_count,median_price,pct_of_total,median_price_per_m2
Riyadh,477347,495000.0,33.92,987.6543209876544
Makkah,277286,500000.0,19.71,1300.0
Eastern Province,195199,419600.0,13.87,873.015873015873
Qassim,120875,141075.0,8.59,288.8888888888889
Asir,69167,200000.0,4.92,354.29583702391494
Madinah,62935,400000.0,4.47,904.9569014275696
Hail,59352,100000.0,4.22,127.43376802544401
Jazan,31500,200000.0,2.24,312.82586027111574
Tabuk,29076,280000.0,2.07,444.44444444444446
Al Jouf,27485,100000.0,1.95,152.1792062332603
Najran,24124,95000.0,1.71,118.1718925765926
Northern Borders,23804,50000.0,1.69,81.63265306122449
Al Baha,8970,100000.0,0.64,154.8027555920943
