region_raw,city,city_district,reference_number,date_gregorian_raw,date_hijri,use_category_raw,physical_form_raw,plan_number,plot_number,n_properties,price_raw,area_raw,price_per_m2_reported,source_file,year,quarter,property_type,price,area,transaction_date,region_raw_stripped,region_en,price_per_m2_calculated,area_ratio,removal_reason
منطقة الرياض,الرياض,الرياض/النخيل,9668721,2020/02/11,1441/06/17,تجاري,,,,1.0,"31,837,504,626","961,068.59",,MOJ-Sales-2020-Q1.csv,2020,1,Commercial,31837504626.0,961068.59,2020-02-11,منطقة الرياض,Riyadh,33127.19295716449,11.60759222455525,"Suspicious high-price group: identical price/transaction_date/region_en/city shared by multiple reference_numbers, max(area)/min(area) > 10, price above the global P99."
منطقة الرياض,الرياض,الرياض/النخيل,9675186,2020/02/11,1441/06/17,تجاري,,,,1.0,"31,837,504,626","82,796.55",,MOJ-Sales-2020-Q1.csv,2020,1,Commercial,31837504626.0,82796.55,2020-02-11,منطقة الرياض,Riyadh,384526.94739092386,11.60759222455525,"Suspicious high-price group: identical price/transaction_date/region_en/city shared by multiple reference_numbers, max(area)/min(area) > 10, price above the global P99."
منطقة الرياض,الرياض,الرياض/العقيق,9941787,2020/05/14,1441/09/21,سكني,,,,1.0,"12,996,688,997",460.56,,MOJ-Sales-2020-Q2.csv,2020,2,Residential,12996688997.0,460.56,2020-05-14,منطقة الرياض,Riyadh,28219317.780528054,5552.100462160601,"Suspicious high-price group: identical price/transaction_date/region_en/city shared by multiple reference_numbers, max(area)/min(area) > 10, price above the global P99."
منطقة الرياض,الرياض,الرياض/العقيق,9942020,2020/05/14,1441/09/21,سكني,,,,1.0,"12,996,688,997",224.42,,MOJ-Sales-2020-Q2.csv,2020,2,Residential,12996688997.0,224.42,2020-05-14,منطقة الرياض,Riyadh,57912347.371000804,5552.100462160601,"Suspicious high-price group: identical price/transaction_date/region_en/city shared by multiple reference_numbers, max(area)/min(area) > 10, price above the global P99."
منطقة الرياض,الرياض,الرياض/العقيق,9941995,2020/05/14,1441/09/21,سكني,,,,1.0,"12,996,688,997",173.10,,MOJ-Sales-2020-Q2.csv,2020,2,Residential,12996688997.0,173.1,2020-05-14,منطقة الرياض,Riyadh,75081969.94222993,5552.100462160601,"Suspicious high-price group: identical price/transaction_date/region_en/city shared by multiple reference_numbers, max(area)/min(area) > 10, price above the global P99."
منطقة الرياض,الرياض,الرياض/العقيق,9942084,2020/05/14,1441/09/21,سكني,,,,1.0,"12,996,688,997",380.38,,MOJ-Sales-2020-Q2.csv,2020,2,Residential,12996688997.0,380.38,2020-05-14,منطقة الرياض,Riyadh,34167645.5044955,5552.100462160601,"Suspicious high-price group: identical price/transaction_date/region_en/city shared by multiple reference_numbers, max(area)/min(area) > 10, price above the global P99."
منطقة الرياض,الرياض,الرياض/العقيق,9941986,2020/05/14,1441/09/21,سكني,,,,1.0,"12,996,688,997",299.31,,MOJ-Sales-2020-Q2.csv,2020,2,Residential,12996688997.0,299.31,2020-05-14,منطقة الرياض,Riyadh,43422167.642243825,5552.100462160601,"Suspicious high-price group: identical price/transaction_date/region_en/city shared by multiple reference_numbers, max(area)/min(area) > 10, price above the global P99."
منطقة الرياض,الرياض,الرياض/العقيق,9942081,2020/05/14,1441/09/21,سكني,,,,1.0,"12,996,688,997","16,086.40",,MOJ-Sales-2020-Q2.csv,2020,2,Residential,12996688997.0,16086.4,2020-05-14,منطقة الرياض,Riyadh,807930.2390217824,5552.100462160601,"Suspicious high-price group: identical price/transaction_date/region_en/city shared by multiple reference_numbers, max(area)/min(area) > 10, price above the global P99."
منطقة الرياض,الرياض,الرياض/النخيل,9942026,2020/05/14,1441/09/21,تجاري,,,,1.0,"12,996,688,997","539,455.78",,MOJ-Sales-2020-Q2.csv,2020,2,Commercial,12996688997.0,539455.78,2020-05-14,منطقة الرياض,Riyadh,24092.22308638532,5552.100462160601,"Suspicious high-price group: identical price/transaction_date/region_en/city shared by multiple reference_numbers, max(area)/min(area) > 10, price above the global P99."
منطقة الرياض,الرياض,الرياض/النخيل,9942033,2020/05/14,1441/09/21,تجاري,,,,1.0,"12,996,688,997","961,068.59",,MOJ-Sales-2020-Q2.csv,2020,2,Commercial,12996688997.0,961068.59,2020-05-14,منطقة الرياض,Riyadh,13523.164873175181,5552.100462160601,"Suspicious high-price group: identical price/transaction_date/region_en/city shared by multiple reference_numbers, max(area)/min(area) > 10, price above the global P99."
منطقة الرياض,الرياض,الرياض/النخيل,9942044,2020/05/14,1441/09/21,تجاري,,,,1.0,"12,996,688,997","83,537.62",,MOJ-Sales-2020-Q2.csv,2020,2,Commercial,12996688997.0,83537.62,2020-05-14,منطقة الرياض,Riyadh,155578.87568499078,5552.100462160601,"Suspicious high-price group: identical price/transaction_date/region_en/city shared by multiple reference_numbers, max(area)/min(area) > 10, price above the global P99."
منطقة الشرقية,الدمام,الدمام/ الفيصلية ,14646353,2021/09/07,1443/01/30,سكني,,,,1.0,"18,000,000","40,000.00",,MOJ-Sales-2021-Q3.csv,2021,3,Residential,18000000.0,40000.0,2021-09-07,منطقة الشرقية,Eastern Province,450.0,10.178246542576877,"Suspicious high-price group: identical price/transaction_date/region_en/city shared by multiple reference_numbers, max(area)/min(area) > 10, price above the global P99."
منطقة الشرقية,الدمام,الدمام/ الشاطئ الشرقي ,14653542,2021/09/07,1443/01/30,تجاري,,,,1.0,"18,000,000","3,929.95",,MOJ-Sales-2021-Q3.csv,2021,3,Commercial,18000000.0,3929.95,2021-09-07,منطقة الشرقية,Eastern Province,4580.210944159595,10.178246542576877,"Suspicious high-price group: identical price/transaction_date/region_en/city shared by multiple reference_numbers, max(area)/min(area) > 10, price above the global P99."
منطقة الرياض,الرياض,الرياض/العقيق,15197402,2021/11/02,1443/03/27,سكني,,,,1.0,"12,000,000","1,120.00",,MOJ-Sales-2021-Q4.csv,2021,4,Residential,12000000.0,1120.0,2021-11-02,منطقة الرياض,Riyadh,10714.285714285714,803.5714285714286,"Suspicious high-price group: identical price/transaction_date/region_en/city shared by multiple reference_numbers, max(area)/min(area) > 10, price above the global P99."
منطقة الرياض,الرياض,الرياض/طويق,15191108,2021/11/02,1443/03/27,تجاري,,,,1.0,"12,000,000","900,000.00",,MOJ-Sales-2021-Q4.csv,2021,4,Commercial,12000000.0,900000.0,2021-11-02,منطقة الرياض,Riyadh,13.333333333333334,803.5714285714286,"Suspicious high-price group: identical price/transaction_date/region_en/city shared by multiple reference_numbers, max(area)/min(area) > 10, price above the global P99."
منطقة الرياض,الرياض,الرياض/الملقا,21891759,2023/12/21,1445/06/08,سكني,,,,1.0,"7,000,000",500.24,,MOJ-Sales-2023-Q4.csv,2023,4,Residential,7000000.0,500.24,2023-12-21,منطقة الرياض,Riyadh,13993.283224052455,20.090356628818167,"Suspicious high-price group: identical price/transaction_date/region_en/city shared by multiple reference_numbers, max(area)/min(area) > 10, price above the global P99."
منطقة الرياض,الرياض,الرياض/السعادة,21889939,2023/12/21,1445/06/08,تجاري,,,,1.0,"7,000,000","10,050.00",,MOJ-Sales-2023-Q4.csv,2023,4,Commercial,7000000.0,10050.0,2023-12-21,منطقة الرياض,Riyadh,696.5174129353234,20.090356628818167,"Suspicious high-price group: identical price/transaction_date/region_en/city shared by multiple reference_numbers, max(area)/min(area) > 10, price above the global P99."
منطقة الرياض,الرياض,الرياض/النرجس,21887438,2023/12/21,1445/06/08,سكني,,,,1.0,"7,000,000",780.00,,MOJ-Sales-2023-Q4.csv,2023,4,Residential,7000000.0,780.0,2023-12-21,منطقة الرياض,Riyadh,8974.358974358975,20.090356628818167,"Suspicious high-price group: identical price/transaction_date/region_en/city shared by multiple reference_numbers, max(area)/min(area) > 10, price above the global P99."
منطقة مكة المكرمه,جده,جده/ أم حبلين ,24408851,2024/07/10,1446/01/04,زراعي,,,,1.0,"7,000,000","37,100.00",,MOJ-Sales-2024-Q3.csv,2024,3,Agricultural,7000000.0,37100.0,2024-07-10,منطقة مكة المكرمه,Makkah,188.67924528301887,26.58545324256539,"Suspicious high-price group: identical price/transaction_date/region_en/city shared by multiple reference_numbers, max(area)/min(area) > 10, price above the global P99."
منطقة مكة المكرمه,جده,جده/ الرحاب ,24402478,2024/07/10,1446/01/04,تجاري,,,,1.0,"7,000,000","1,395.50",,MOJ-Sales-2024-Q3.csv,2024,3,Commercial,7000000.0,1395.5,2024-07-10,منطقة مكة المكرمه,Makkah,5016.123253314225,26.58545324256539,"Suspicious high-price group: identical price/transaction_date/region_en/city shared by multiple reference_numbers, max(area)/min(area) > 10, price above the global P99."
منطقة الرياض,الدرعيه,الدرعيه/ خارج حدود الأحياء ,24444765,2024/07/14,1446/01/08,زراعي,,,,1.0,"7,300,000","4,702.03",,MOJ-Sales-2024-Q3.csv,2024,3,Agricultural,7300000.0,4702.03,2024-07-14,منطقة الرياض,Riyadh,1552.5209324483255,11.755075,"Suspicious high-price group: identical price/transaction_date/region_en/city shared by multiple reference_numbers, max(area)/min(area) > 10, price above the global P99."
منطقة الرياض,الدرعيه,الدرعيه/ الفيصلية ,24450374,2024/07/14,1446/01/08,تجاري,,,,1.0,"7,300,000",400.00,,MOJ-Sales-2024-Q3.csv,2024,3,Commercial,7300000.0,400.0,2024-07-14,منطقة الرياض,Riyadh,18250.0,11.755075,"Suspicious high-price group: identical price/transaction_date/region_en/city shared by multiple reference_numbers, max(area)/min(area) > 10, price above the global P99."
منطقة مكة المكرمه,مكة المكرمة,مكة المكرمة/ جبل عمر ,26042120,2024/10/31,1446/04/28,سكني,,,,1.0,"10,000,000",123.85,,MOJ-Sales-2024-Q4.csv,2024,4,Residential,10000000.0,123.85,2024-10-31,منطقة مكة المكرمه,Makkah,80742.83407347598,14.24322136786726,"Suspicious high-price group: identical price/transaction_date/region_en/city shared by multiple reference_numbers, max(area)/min(area) > 10, price above the global P99."
منطقة مكة المكرمه,مكة المكرمة,مكة المكرمة/ جبل عمر ,26041871,2024/10/31,1446/04/28,سكني,,,,1.0,"10,000,000",123.55,,MOJ-Sales-2024-Q4.csv,2024,4,Residential,10000000.0,123.55,2024-10-31,منطقة مكة المكرمه,Makkah,80938.89113719143,14.24322136786726,"Suspicious high-price group: identical price/transaction_date/region_en/city shared by multiple reference_numbers, max(area)/min(area) > 10, price above the global P99."
منطقة مكة المكرمه,مكة المكرمة,مكة المكرمة/ بطحاء قريش ,26038593,2024/10/31,1446/04/28,سكني,,,,1.0,"10,000,000","1,759.75",,MOJ-Sales-2024-Q4.csv,2024,4,Residential,10000000.0,1759.75,2024-10-31,منطقة مكة المكرمه,Makkah,5682.62537292229,14.24322136786726,"Suspicious high-price group: identical price/transaction_date/region_en/city shared by multiple reference_numbers, max(area)/min(area) > 10, price above the global P99."
