epoch_0based,loss,val_loss
0,0.48685574531555176,0.4066503942012787
1,0.44170284271240234,0.4333427846431732
2,0.42269760370254517,0.40321600437164307
3,0.41085678339004517,0.3956066370010376
4,0.4033893644809723,0.3901335597038269
5,0.3973727524280548,0.38399821519851685
6,0.3930951654911041,0.3784259557723999
7,0.3892759680747986,0.3804481327533722
8,0.38612139225006104,0.3831559419631958
9,0.3830487132072449,0.3791288137435913
10,0.3808417022228241,0.3808666467666626
11,0.3782096207141876,0.3779464364051819
12,0.37660109996795654,0.37619924545288086
13,0.3746309280395508,0.37241461873054504
14,0.37302684783935547,0.37861111760139465
15,0.3716530501842499,0.3766304552555084
16,0.36995813250541687,0.3737373948097229
17,0.36886948347091675,0.3721814751625061
18,0.36752110719680786,0.3753885328769684
19,0.3664475083351135,0.37928032875061035
20,0.3655579090118408,0.37940847873687744
21,0.364622563123703,0.37695613503456116
22,0.36380112171173096,0.38355305790901184
23,0.36260104179382324,0.37540823221206665
24,0.36206504702568054,0.3825760781764984
25,0.36127838492393494,0.3766442835330963
