trial,source,params_json,learning_rate,max_depth,min_child_weight,subsample,colsample_bytree,reg_lambda,reg_alpha,gamma,iterations_used,val_mae_sar,val_rmse_sar,val_r2_sar,val_r2_ln_price,val_median_abs_error,train_seconds,val_predictions_clipped
0,initial config,{},,,,,,,,,1229,539630.0420338047,8261631.7249630755,0.14404254045101572,0.71322904855419,117989.85318993707,57.29086670000106,0
1,earlier v2 setting,"{""min_child_weight"": 200}",,,200,,,,,,1406,523324.50820484257,7198782.9276531525,0.3501117668553436,0.709048315305523,118440.17141163949,70.3100826999871,0
2,random search,"{""colsample_bytree"": 0.8395, ""gamma"": 0.05, ""learning_rate"": 0.05482, ""max_depth"": 10, ""min_child_weight"": 400, ""reg_alpha"": 0.003776, ""reg_lambda"": 0.2637, ""subsample"": 0.8928}",0.05482,10,400,0.8928,0.8395,0.2637,0.003776,0.05,1738,519459.52643042774,7284542.809839839,0.3345351552301348,0.7126942190352619,118597.83116525848,105.76355969998986,10
3,random search,"{""colsample_bytree"": 0.8604, ""gamma"": 0.01, ""learning_rate"": 0.06282, ""max_depth"": 10, ""min_child_weight"": 50, ""reg_alpha"": 0.4684, ""reg_lambda"": 0.142, ""subsample"": 0.6571}",0.06282,10,50,0.6571,0.8604,0.142,0.4684,0.01,708,528614.210575556,7666260.867388035,0.2629656917548828,0.7148921838083107,118604.42239213912,46.84878680005204,0
4,random search,"{""colsample_bytree"": 0.8447, ""gamma"": 0.05, ""learning_rate"": 0.04222, ""max_depth"": 9, ""min_child_weight"": 100, ""reg_alpha"": 0.001217, ""reg_lambda"": 0.1045, ""subsample"": 0.847}",0.04222,9,100,0.847,0.8447,0.1045,0.001217,0.05,1625,522212.423738494,7369323.742425623,0.3189550301703553,0.7153458577859654,116976.63107594238,84.87976460001664,0
5,random search,"{""colsample_bytree"": 0.7465, ""gamma"": 0.05, ""learning_rate"": 0.08031, ""max_depth"": 7, ""min_child_weight"": 800, ""reg_alpha"": 0.8023, ""reg_lambda"": 1.702, ""subsample"": 0.7169}",0.08031,7,800,0.7169,0.7465,1.702,0.8023,0.05,1201,543876.0893526622,7824310.501211738,0.23226264679129704,0.69328553449295,124928.22923495263,52.96800789999543,29
6,random search,"{""colsample_bytree"": 0.944, ""gamma"": 0.01, ""learning_rate"": 0.05552, ""max_depth"": 9, ""min_child_weight"": 800, ""reg_alpha"": 0.04639, ""reg_lambda"": 6.857, ""subsample"": 0.7867}",0.05552,9,800,0.7867,0.944,6.857,0.04639,0.01,1393,534074.6033450459,7644282.845387437,0.2671855681989487,0.7022432227202433,122221.67998416314,73.45723419997375,14
7,random search,"{""colsample_bytree"": 0.7218, ""gamma"": 0.05, ""learning_rate"": 0.1382, ""max_depth"": 9, ""min_child_weight"": 200, ""reg_alpha"": 0.3396, ""reg_lambda"": 0.1835, ""subsample"": 0.9234}",0.1382,9,200,0.9234,0.7218,0.1835,0.3396,0.05,550,527960.2210618072,7273361.199563233,0.33657653459489423,0.7100489494299811,119484.48420855512,42.00071100000059,0
8,random search,"{""colsample_bytree"": 0.6693, ""gamma"": 0.2, ""learning_rate"": 0.0901, ""max_depth"": 9, ""min_child_weight"": 100, ""reg_alpha"": 0.004722, ""reg_lambda"": 1.136, ""subsample"": 0.9333}",0.0901,9,100,0.9333,0.6693,1.136,0.004722,0.2,1001,526729.5069567251,7571308.117520864,0.28111013928061,0.7131837539013544,117186.47322989369,46.469060499977786,1
9,random search,"{""colsample_bytree"": 0.6739, ""gamma"": 0.01, ""learning_rate"": 0.04954, ""max_depth"": 12, ""min_child_weight"": 200, ""reg_alpha"": 0.7365, ""reg_lambda"": 41.39, ""subsample"": 0.8187}",0.04954,12,200,0.8187,0.6739,41.39,0.7365,0.01,1295,518148.75586408196,7245252.326969047,0.3416944027028136,0.7158252128501505,118610.77364993657,65.6134802000015,0
10,random search,"{""colsample_bytree"": 0.7306, ""gamma"": 0.01, ""learning_rate"": 0.05667, ""max_depth"": 9, ""min_child_weight"": 200, ""reg_alpha"": 0.08444, ""reg_lambda"": 3.464, ""subsample"": 0.8909}",0.05667,9,200,0.8909,0.7306,3.464,0.08444,0.01,1684,526376.7233097289,7250084.41423788,0.3408160203626531,0.7129748997842769,118084.92246348585,69.45371630002046,3
11,random search,"{""colsample_bytree"": 0.8347, ""gamma"": 0.0, ""learning_rate"": 0.05064, ""max_depth"": 10, ""min_child_weight"": 5, ""reg_alpha"": 0.176, ""reg_lambda"": 40.29, ""subsample"": 0.8159}",0.05064,10,5,0.8159,0.8347,40.29,0.176,0.0,1047,522351.7232818445,6901024.77549404,0.4027616447077029,0.7156038535404396,117387.78604397568,51.68020509998314,0
12,random search,"{""colsample_bytree"": 0.7694, ""gamma"": 0.05, ""learning_rate"": 0.03764, ""max_depth"": 10, ""min_child_weight"": 1, ""reg_alpha"": 0.01218, ""reg_lambda"": 1.164, ""subsample"": 0.6063}",0.03764,10,1,0.6063,0.7694,1.164,0.01218,0.05,957,546228.239972993,9037008.069879135,-0.024164829633226637,0.7149401805237346,116740.78559325193,52.47906380001223,1
13,random search,"{""colsample_bytree"": 0.9085, ""gamma"": 0.0, ""learning_rate"": 0.1115, ""max_depth"": 6, ""min_child_weight"": 800, ""reg_alpha"": 0.02118, ""reg_lambda"": 0.1584, ""subsample"": 0.8916}",0.1115,6,800,0.8916,0.9085,0.1584,0.02118,0.0,1371,536146.2123029955,7646419.497799915,0.26677585323174624,0.6983466134130392,125721.99751180434,47.470666800043546,33
14,random search,"{""colsample_bytree"": 0.6382, ""gamma"": 0.0, ""learning_rate"": 0.1308, ""max_depth"": 6, ""min_child_weight"": 800, ""reg_alpha"": 0.2979, ""reg_lambda"": 1.002, ""subsample"": 0.7798}",0.1308,6,800,0.7798,0.6382,1.002,0.2979,0.0,1413,538880.1960217472,7634731.275669058,0.2690157346919283,0.6964188602070793,127389.21432085223,50.952088200021535,0
15,random search,"{""colsample_bytree"": 0.7532, ""gamma"": 0.0, ""learning_rate"": 0.09707, ""max_depth"": 12, ""min_child_weight"": 20, ""reg_alpha"": 1.381, ""reg_lambda"": 41.94, ""subsample"": 0.8245}",0.09707,12,20,0.8245,0.7532,41.94,1.381,0.0,323,521978.28045911423,7187269.066898604,0.35218898982431623,0.7171723104333262,115981.07602645794,20.499583999975584,0
16,random search,"{""colsample_bytree"": 0.8843, ""gamma"": 0.05, ""learning_rate"": 0.07404, ""max_depth"": 12, ""min_child_weight"": 400, ""reg_alpha"": 0.04218, ""reg_lambda"": 0.1992, ""subsample"": 0.6162}",0.07404,12,400,0.6162,0.8843,0.1992,0.04218,0.05,869,519170.7443828607,7322209.0913277585,0.3276355074971872,0.7109618038445313,118116.19226399166,48.976436600030866,0
17,random search,"{""colsample_bytree"": 0.8782, ""gamma"": 0.05, ""learning_rate"": 0.03156, ""max_depth"": 6, ""min_child_weight"": 50, ""reg_alpha"": 0.1721, ""reg_lambda"": 0.2377, ""subsample"": 0.8253}",0.03156,6,50,0.8253,0.8782,0.2377,0.1721,0.05,3956,539155.5509376383,8063088.492443598,0.18468887177162086,0.7083048359708675,120545.15078550868,187.7849391999771,0
18,random search,"{""colsample_bytree"": 0.7159, ""gamma"": 0.0, ""learning_rate"": 0.1012, ""max_depth"": 9, ""min_child_weight"": 100, ""reg_alpha"": 2.747, ""reg_lambda"": 0.2724, ""subsample"": 0.6308}",0.1012,9,100,0.6308,0.7159,0.2724,2.747,0.0,746,519121.9571009257,7248329.177204944,0.34113515708144915,0.7125813694390992,118103.90736103524,36.021375700016506,0
19,random search,"{""colsample_bytree"": 0.6874, ""gamma"": 0.2, ""learning_rate"": 0.04828, ""max_depth"": 10, ""min_child_weight"": 200, ""reg_alpha"": 1.85, ""reg_lambda"": 1.331, ""subsample"": 0.7826}",0.04828,10,200,0.7826,0.6874,1.331,1.85,0.2,1330,524505.4760143153,7465875.677491452,0.3009921948457841,0.7127341591936734,118971.04330684023,62.014473300019745,3
