trial,source,params_json,hidden_units,learning_rate,batch_size,loss,dropout,l2,area_transform,iterations_used,val_mae_sar,val_rmse_sar,val_r2_sar,val_r2_ln_price,val_median_abs_error,train_seconds,val_predictions_clipped
0,initial config,"{""area_transform"": ""standardized"", ""dropout"": 0.0, ""l2"": 0.0, ""loss"": ""mse"", ""max_epochs"": 100}",,,,mse,0.0,0.0,standardized,5,977812.5063234103,24512976.019021735,-6.535509095123488,0.36673914386904893,210436.59648393324,23.11547870002687,18
1,random search,"{""area_transform"": ""log1p_standardized"", ""batch_size"": 2048, ""dropout"": 0.0, ""hidden_units"": [128, 64, 32], ""l2"": 0.0, ""learning_rate"": 0.0008122, ""loss"": ""huber""}","[128, 64, 32]",0.0008122,2048,huber,0.0,0.0,log1p_standardized,1,692185.0940772019,7543457.8401209945,0.2863891369434848,0.43157254276852686,189957.8290876402,15.32800680003129,0
2,random search,"{""area_transform"": ""log1p_standardized"", ""batch_size"": 4096, ""dropout"": 0.2, ""hidden_units"": [256, 256, 128, 64], ""l2"": 1e-06, ""learning_rate"": 0.00122, ""loss"": ""huber""}","[256, 256, 128, 64]",0.00122,4096,huber,0.2,1e-06,log1p_standardized,18,657428.2775771279,8952532.666395007,-0.005107112849431106,0.494356653197771,178360.38630263644,141.78075809997972,5
3,random search,"{""area_transform"": ""log1p_standardized"", ""batch_size"": 2048, ""dropout"": 0.0, ""hidden_units"": [128, 64, 32], ""l2"": 0.0, ""learning_rate"": 0.0008031, ""loss"": ""mse""}","[128, 64, 32]",0.0008031,2048,mse,0.0,0.0,log1p_standardized,5,741772.6696163067,13622262.283294668,-1.3271211514876886,0.4473212476581222,190070.83225150112,27.383967100002337,4
4,random search,"{""area_transform"": ""standardized"", ""batch_size"": 4096, ""dropout"": 0.1, ""hidden_units"": [256, 128, 64], ""l2"": 1e-05, ""learning_rate"": 0.0007533, ""loss"": ""mse""}","[256, 128, 64]",0.0007533,4096,mse,0.1,1e-05,standardized,15,689740.4270369051,7721377.461102075,0.252329776765857,0.462024484940897,196594.29863372765,1062.9621549000149,0
5,random search,"{""area_transform"": ""standardized"", ""batch_size"": 4096, ""dropout"": 0.2, ""hidden_units"": [256, 128, 64], ""l2"": 1e-05, ""learning_rate"": 0.0004133, ""loss"": ""mse""}","[256, 128, 64]",0.0004133,4096,mse,0.2,1e-05,standardized,29,703074.8641706387,8869777.602533828,0.013388941626024775,0.4356157086733833,187792.5870356524,119.43814169999678,1
6,random search,"{""area_transform"": ""log1p_standardized"", ""batch_size"": 4096, ""dropout"": 0.0, ""hidden_units"": [256, 256, 128, 64], ""l2"": 1e-06, ""learning_rate"": 0.001387, ""loss"": ""mse""}","[256, 256, 128, 64]",0.001387,4096,mse,0.0,1e-06,log1p_standardized,1,706222.5275492597,9958330.220137732,-0.24363679993638976,0.4440549103906102,185660.63904547456,31.570513700018637,1
7,random search,"{""area_transform"": ""log1p_standardized"", ""batch_size"": 2048, ""dropout"": 0.1, ""hidden_units"": [256, 256, 128, 64], ""l2"": 0.0, ""learning_rate"": 0.002429, ""loss"": ""mse""}","[256, 256, 128, 64]",0.002429,2048,mse,0.1,0.0,log1p_standardized,5,675646.5649587398,10774041.771243816,-0.45571992909917114,0.48243255228732684,193784.87708174577,88.34307459997945,2
8,random search,"{""area_transform"": ""log1p_standardized"", ""batch_size"": 4096, ""dropout"": 0.0, ""hidden_units"": [128, 64, 32], ""l2"": 1e-05, ""learning_rate"": 0.001869, ""loss"": ""mse""}","[128, 64, 32]",0.001869,4096,mse,0.0,1e-05,log1p_standardized,3,801191.0310946787,16772587.46279427,-2.527935594642557,0.4504294856229877,181091.89891310362,13.636406500008889,6
9,random search,"{""area_transform"": ""log1p_standardized"", ""batch_size"": 2048, ""dropout"": 0.2, ""hidden_units"": [256, 128, 64], ""l2"": 1e-05, ""learning_rate"": 0.0009742, ""loss"": ""huber""}","[256, 128, 64]",0.0009742,2048,huber,0.2,1e-05,log1p_standardized,9,682482.0865418024,10204689.079592053,-0.3059305201989273,0.48910176541176775,188835.79350619312,71.24476400000276,1
10,random search,"{""area_transform"": ""log1p_standardized"", ""batch_size"": 1024, ""dropout"": 0.1, ""hidden_units"": [256, 256, 128, 64], ""l2"": 1e-06, ""learning_rate"": 0.0005131, ""loss"": ""mse""}","[256, 256, 128, 64]",0.0005131,1024,mse,0.1,1e-06,log1p_standardized,13,661780.6524033459,9057756.387111206,-0.02887304511836919,0.4930420370248436,184195.94622486687,199.2672898999881,1
11,random search,"{""area_transform"": ""log1p_standardized"", ""batch_size"": 2048, ""dropout"": 0.2, ""hidden_units"": [128, 64, 32], ""l2"": 1e-06, ""learning_rate"": 0.0004659, ""loss"": ""huber""}","[128, 64, 32]",0.0004659,2048,huber,0.2,1e-06,log1p_standardized,9,681193.8079005489,8990601.342631813,-0.013673280970608825,0.4756490257467687,181192.03568180528,40.42938190000132,1
12,random search,"{""area_transform"": ""standardized"", ""batch_size"": 4096, ""dropout"": 0.0, ""hidden_units"": [256, 128, 64], ""l2"": 1e-05, ""learning_rate"": 0.0003869, ""loss"": ""mse""}","[256, 128, 64]",0.0003869,4096,mse,0.0,1e-05,standardized,3,862154.8362321646,18755758.372121308,-3.411535475275092,0.3698659481479115,187370.31683128932,21.836763400002383,13
13,random search,"{""area_transform"": ""standardized"", ""batch_size"": 4096, ""dropout"": 0.1, ""hidden_units"": [256, 256, 128, 64], ""l2"": 1e-05, ""learning_rate"": 0.002348, ""loss"": ""mse""}","[256, 256, 128, 64]",0.002348,4096,mse,0.1,1e-05,standardized,6,750962.7641600918,14756904.560240228,-1.7309330582281355,0.46130662816241264,190490.24862960778,72.05939629999921,5
