trial,source,params_json,learning_rate,depth,l2_leaf_reg,random_strength,bagging_temperature,one_hot_max_size,max_ctr_complexity,iterations_used,val_mae_sar,val_rmse_sar,val_r2_sar,val_r2_ln_price,val_median_abs_error,train_seconds,val_predictions_clipped
0,initial config,{},,,,,,,,986,554411.080487811,7638328.8945492925,0.26832666724382026,0.7018746376649214,130865.18608430738,516.527588099998,0
1,random search,"{""bagging_temperature"": 0.1721, ""depth"": 9, ""l2_leaf_reg"": 1.419, ""learning_rate"": 0.07071, ""max_ctr_complexity"": 4, ""one_hot_max_size"": 16, ""random_strength"": 0.3904}",0.07071,9,1.419,0.3904,0.1721,16,4,866,544192.5113838143,7358793.126868884,0.32090003864313044,0.7039088546302485,127121.30484124132,398.573040999996,0
2,random search,"{""bagging_temperature"": 0.2506, ""depth"": 9, ""l2_leaf_reg"": 8.02, ""learning_rate"": 0.1552, ""max_ctr_complexity"": 2, ""one_hot_max_size"": 16, ""random_strength"": 1.485}",0.1552,9,8.02,1.485,0.2506,16,2,851,537329.6286931684,7512971.122227881,0.29214556616532616,0.7089425123970051,123643.31495140599,344.896997999982,0
3,random search,"{""bagging_temperature"": 0.221, ""depth"": 9, ""l2_leaf_reg"": 1.213, ""learning_rate"": 0.06097, ""max_ctr_complexity"": 1, ""one_hot_max_size"": 16, ""random_strength"": 3.353}",0.06097,9,1.213,3.353,0.221,16,1,770,560880.1267689444,7351200.224943421,0.3223007246320071,0.6781846180318247,139120.27641686756,363.65676190005615,0
4,random search,"{""bagging_temperature"": 0.6206, ""depth"": 9, ""l2_leaf_reg"": 4.114, ""learning_rate"": 0.0942, ""max_ctr_complexity"": 1, ""one_hot_max_size"": 2, ""random_strength"": 1.768}",0.0942,9,4.114,1.768,0.6206,2,1,606,558316.9549279792,7466731.593942043,0.300831911819218,0.6799674133212514,137603.59726978943,365.7646093000076,0
5,random search,"{""bagging_temperature"": 0.0825, ""depth"": 6, ""l2_leaf_reg"": 4.554, ""learning_rate"": 0.2088, ""max_ctr_complexity"": 1, ""one_hot_max_size"": 16, ""random_strength"": 1.859}",0.2088,6,4.554,1.859,0.0825,16,1,643,580115.3645683218,9334288.349518111,-0.09265471242981338,0.679120003028596,139016.91117636347,222.60513530002208,0
6,random search,"{""bagging_temperature"": 0.4448, ""depth"": 7, ""l2_leaf_reg"": 3.097, ""learning_rate"": 0.0918, ""max_ctr_complexity"": 2, ""one_hot_max_size"": 2, ""random_strength"": 0.8827}",0.0918,7,3.097,0.8827,0.4448,2,2,1191,545775.7566099203,7198198.037172403,0.3502173674834246,0.7004778586356737,131601.39123546774,1228.5410689000273,0
7,random search,"{""bagging_temperature"": 0.5253, ""depth"": 6, ""l2_leaf_reg"": 21.99, ""learning_rate"": 0.07568, ""max_ctr_complexity"": 4, ""one_hot_max_size"": 16, ""random_strength"": 3.82}",0.07568,6,21.99,3.82,0.5253,16,4,1107,549157.6790278882,7325455.495199547,0.3270391709149991,0.6992128560683497,132396.79427578094,262.3114414999727,0
8,random search,"{""bagging_temperature"": 0.609, ""depth"": 8, ""l2_leaf_reg"": 1.685, ""learning_rate"": 0.07767, ""max_ctr_complexity"": 1, ""one_hot_max_size"": 2, ""random_strength"": 1.031}",0.07767,8,1.685,1.031,0.609,2,1,746,558954.4613449313,7135218.576169812,0.3615379606009774,0.6797069039174601,139264.82480336085,172.13809029996628,0
9,random search,"{""bagging_temperature"": 0.4044, ""depth"": 7, ""l2_leaf_reg"": 21.12, ""learning_rate"": 0.2237, ""max_ctr_complexity"": 1, ""one_hot_max_size"": 16, ""random_strength"": 0.4646}",0.2237,7,21.12,0.4646,0.4044,16,1,508,568134.795514485,7827991.012733346,0.23154019827335293,0.6813574277153306,138397.3591858904,83.69206219998887,0
