original_path,destination_path,size_bytes,sha256_before_move
outputs/models/catboost/catboost_config.json,outputs/initial_models/models/catboost/catboost_config.json,713,694a0bcbdf84f149fc9f9cf544d3fff665d7ca11202a956ab511fbac6912a880
outputs/models/catboost/catboost_initial.cbm,outputs/initial_models/models/catboost/catboost_initial.cbm,150735520,74b0e9dd2b6906900154b2945e818f3104d3fb96653f4e2603c4f6b3b7e86c1c
outputs/models/mlp/mlp_config.json,outputs/initial_models/models/mlp/mlp_config.json,1021,4b8319270fe19dcb814ef3997017dd375ae46aa4b4c3dd6ec8f522cfe29970c3
outputs/models/mlp/mlp_initial.keras,outputs/initial_models/models/mlp/mlp_initial.keras,171605,370c26b45fcf5718a3f44a43d143d1356092574fd12c2e8c88959b6e0de9cd3a
outputs/models/xgboost/xgboost_config.json,outputs/initial_models/models/xgboost/xgboost_config.json,851,8af12fa0cb0dc5326b0b44fa6700423f162189aabe0fe0d7d2c1a810e6cbbc25
outputs/models/xgboost/xgboost_initial.json,outputs/initial_models/models/xgboost/xgboost_initial.json,30249479,295db6751287f3f62bd9fc51a2581032aee4f07262a4c0124fc3f99eab200ab3
outputs/models/preprocessing/preprocessing_manifest.json,outputs/initial_models/models/preprocessing/preprocessing_manifest.json,540,f0b5cadfcdeb93e5ba6942c28955005818ff219169af5b1431699a70606e1a27
outputs/models/preprocessing/preprocessor_scaled.json,outputs/initial_models/models/preprocessing/preprocessor_scaled.json,1833132,d916112b0d86bfbc361dda37cabafe92812c08e4daccfbaf446bae5c77b1c862
outputs/models/preprocessing/preprocessor_unscaled.json,outputs/initial_models/models/preprocessing/preprocessor_unscaled.json,1833133,22f74bd529990458b9ab1b0b880b568706d0185e14a3583ee5873109c7fc9462
outputs/models/frozen_configs.json,outputs/initial_models/models/frozen_configs.json,1302,85269889139a1f4dc0f01ea4b08cc923dbdd7093f984ff6521dea2e3e5bd3c69
outputs/logs/status.txt,outputs/initial_models/logs/status.txt,42,807e30b4ed47b60f3d17aad1380ce419c6d00b990de2a35f5836f6ee57d5e9a0
outputs/logs/train_catboost.log,outputs/initial_models/logs/train_catboost.log,1977,664705ef6a8c855db93d1e1fe4972595a4641359cf20b90712c2135c5eff27a1
outputs/logs/train_mlp.log,outputs/initial_models/logs/train_mlp.log,4554,33e8e4bf40df4c4f943cb00f2cfab533d6ef324f7660398259d7a7ee03c30c32
outputs/logs/train_xgboost.log,outputs/initial_models/logs/train_xgboost.log,1385,374d84ee0f8d9367fb1daab7754f96cb90fbfc411a54e810d0d7ebb2f6c6a014
outputs/smoke_test/smoke_catboost_predictions.csv.gz,outputs/initial_models/smoke_test/smoke_catboost_predictions.csv.gz,71265,74e1eaffc47f10deed36f50088da5f97b29ffbe15cd07ce52b6685da02029d4f
outputs/smoke_test/smoke_mlp_predictions.csv.gz,outputs/initial_models/smoke_test/smoke_mlp_predictions.csv.gz,77691,edbbffa844996067c8917c3c85e9a3d6b5d1809865a5f0b453a90430ddef07e6
outputs/smoke_test/smoke_test_report.json,outputs/initial_models/smoke_test/smoke_test_report.json,860,7624a8c77e54812a6a2818dd024d5bd8a20d5ab931d4203e7228a212b47bc391
outputs/smoke_test/smoke_xgboost_predictions.csv.gz,outputs/initial_models/smoke_test/smoke_xgboost_predictions.csv.gz,73378,98a5c6cb988749d812023a310fdc392aa2774cce4f225ebad4bf3fbcd6f69df6
outputs/status/baseline_test_metrics.json,outputs/initial_models/status/baseline_test_metrics.json,1102,68cd3cdb63b04340d18830f7e7a1e8ff56d914ca834aa07500adb81078105286
outputs/status/baseline_validation_metrics.json,outputs/initial_models/status/baseline_validation_metrics.json,1147,c3688616e9c2d1f0950d7ee4af7bfb0a12487eca5815115dd9d7779e17708abc
outputs/status/catboost_test_metrics.json,outputs/initial_models/status/catboost_test_metrics.json,1086,004a3338c1db725dcaa153627e498f3651166c51eceb0831528d50fee036d752
outputs/status/catboost_validation_metrics.json,outputs/initial_models/status/catboost_validation_metrics.json,682,0cf60aa94057f9790d3121e82d37050bd23237c0255a65dfd990c0c8da306aba
outputs/status/mlp_test_metrics.json,outputs/initial_models/status/mlp_test_metrics.json,1090,e03e5eaba32e288ae6204083cce5e6bc7dcd583c35fdce22adf4fbbd7be4dbb6
outputs/status/mlp_validation_metrics.json,outputs/initial_models/status/mlp_validation_metrics.json,740,6be61b06b0fb38bdad9b7b5e600bfdff00541c22171fbd6290a8353e84bda739
outputs/status/xgboost_test_metrics.json,outputs/initial_models/status/xgboost_test_metrics.json,1092,d162bb67297949e71a05f1d1c0ed7cf08096dc2c8eef43de3609d25eb6aff42b
outputs/status/xgboost_validation_metrics.json,outputs/initial_models/status/xgboost_validation_metrics.json,682,43ec38fb1b3f0ebf0ed786f85b504c4330c17cf09a2a741c17145def6dbe3771
outputs/predictions/baseline_test_predictions.csv.gz,outputs/initial_models/predictions/baseline_test_predictions.csv.gz,1261814,35894b0bc0d2e1a538b734d135d3a96a26db3ad88f08437c7ce78c57a80cda49
outputs/predictions/baseline_validation_predictions.csv.gz,outputs/initial_models/predictions/baseline_validation_predictions.csv.gz,1523414,14deddb4c1cc917823b93eb663239c10397c0eee6d65ca5b8056a8f7b2d7bf46
outputs/predictions/catboost_test_predictions.csv.gz,outputs/initial_models/predictions/catboost_test_predictions.csv.gz,2736941,b0ed36f9e45f0c9268ebc521857468c771beca0bde4872b22876d6ace401011e
outputs/predictions/catboost_validation_predictions.csv.gz,outputs/initial_models/predictions/catboost_validation_predictions.csv.gz,3293008,7da988b002a0c79d3737faba2371dce1f5399f43bb0c018cd85a23047c4d054f
outputs/predictions/mlp_test_predictions.csv.gz,outputs/initial_models/predictions/mlp_test_predictions.csv.gz,2792661,ec9149f41f98328d4d6794502f2ab69690880466b1e91cbb62311c486b88d459
outputs/predictions/mlp_validation_predictions.csv.gz,outputs/initial_models/predictions/mlp_validation_predictions.csv.gz,3353415,3ed6b0dc917622980ac1ef594b42832063f8497d578b7106e2af9a8e97bd080f
outputs/predictions/xgboost_test_predictions.csv.gz,outputs/initial_models/predictions/xgboost_test_predictions.csv.gz,2731051,71074ffecb8e745fa95c985df147cee6c298207b98e0ccfd3a69ac64c250fc16
outputs/predictions/xgboost_validation_predictions.csv.gz,outputs/initial_models/predictions/xgboost_validation_predictions.csv.gz,3283807,a0326ec52e9e170269a728511612f401f5abe3464c11cbd24bd07c5293da5064
outputs/figures/mlp_training_history.png,outputs/initial_models/figures/mlp_training_history.png,55825,add93eaf691c7b677030335e29b13d5a04f71ad57df6c18397327545267c6b74
outputs/figures/model_comparison_mae.png,outputs/initial_models/figures/model_comparison_mae.png,52855,c5dd875dd55bd2216b0a9be376f3ac5a6774c6eaf2933711b695f510d48cbe0b
outputs/figures/model_comparison_r2.png,outputs/initial_models/figures/model_comparison_r2.png,45851,40b76071035fb4f69024c6e48c578d6b99484d12bedc5c11e654f5a4a3b1696c
outputs/figures/model_comparison_rmse.png,outputs/initial_models/figures/model_comparison_rmse.png,54017,43e5d3f88b446be336ef5e697bdba1110ac59c2edd3a9f14bc54a9fdb3a1b29f
outputs/tables/final_test_comparison.csv,outputs/initial_models/tables/initial_test_comparison_previous.csv,675,27c0b175c1b6ec9307b0cb62d38b48f6552e10c1df18bcdf33c9c367798715c9
outputs/tables/per_property_type_test_metrics.csv,outputs/initial_models/tables/initial_per_property_type_test_metrics_previous.csv,1119,b1d5fe09a0d943124c6f4bb0e6c0817f9c989f5c34eec673e25015ce46b479b1
outputs/tables/initial_validation_comparison.csv,outputs/initial_models/tables/initial_validation_comparison_previous.csv,843,108f624657cf76d7097b0f71ea258944cf62b56c4da2a6cbfe5839dc38d62c95
outputs/tables/initial_overfitting_check.csv,outputs/initial_models/tables/initial_overfitting_check.csv,400,2418cd919eb99433647f20d67fe7657a737b7dae0ee892ad3d410847c4bab40c
outputs/tables/mlp_training_history.csv,outputs/initial_models/tables/mlp_training_history.csv,1048,103e1d9063d5535ba0ed99a92d985e6a67a26d70683bd9c7bde654ff1721275b
outputs/tables/model_selection_summary.json,outputs/initial_models/tables/model_selection_summary.json,525,0d8522d32e2dc9132b305e57741e7c555d1efda193a66b2636c0a465849b1d89
outputs/tables/baseline_median_summary.csv,outputs/initial_models/tables/baseline_median_summary.csv,544,c9f3e7ea8e2ce5cb68565a1574d12b0f69ba1a21487341e422fc69d1cb7f4f93
outputs/reports/initial_models_report.md,outputs/initial_models/reports/initial_models_report_previous.md,8588,086b11e02aad3dd038ebdbc002cfc0d41f25d13da6ada356d40d0acd794c3061
outputs/models/xgboost_v2/xgboost_v2.json,outputs/tuning/models/xgboost_v2/xgboost_v2.json,16011572,c59ce605eb57d5327e17c56520fe3361538206be1e046898459c422c5ef64c7f
outputs/models/xgboost_v2/xgboost_v2_config.json,outputs/tuning/models/xgboost_v2/xgboost_v2_config.json,919,4bb37d7d1b46397d0ee8b46c89bc684ce1ed0b0fea6249f0089d99e4f7ff2bea
outputs/models/frozen_configs_v2.json,outputs/tuning/models/frozen_configs_v2.json,437,69f6232f2b5f39cb04523e6d0317cacd4f24036f4feecb3cae0f40688bcd46ab
outputs/status/ensemble_v2_test_metrics.json,outputs/tuning/status/ensemble_v2_test_metrics.json,1130,53c74e48c951ff257fffcfb8435a9b1b7187f37875bfe276c443188e4118b9fd
outputs/status/xgboost_v2_test_metrics.json,outputs/tuning/status/xgboost_v2_test_metrics.json,1124,8391208c317f546320257e8e00faaf754c422401c01a141c083882ec5894b16c
outputs/status/xgboost_v2_validation_metrics.json,outputs/tuning/status/xgboost_v2_validation_metrics.json,760,f1b5320fde9d5571eff77d364fffd4e36f3ed699a1770f569c7a84db6a1bab44
outputs/predictions/ensemble_v2_test_predictions.csv.gz,outputs/tuning/predictions/ensemble_v2_test_predictions.csv.gz,2749511,ac4e32a0557ad925cf9fb4fcf7b5c4ea4e56347985abb106764567e0e94a05c2
outputs/predictions/ensemble_v2_validation_predictions.csv.gz,outputs/tuning/predictions/ensemble_v2_validation_predictions.csv.gz,3309084,39d8932edd0ba2b7bac10f46e56da44e8d387ec1071f4f547fc79d8531109e94
outputs/predictions/xgboost_v2_test_predictions.csv.gz,outputs/tuning/predictions/xgboost_v2_test_predictions.csv.gz,2729564,d58e8dd6e1d1f1a935ef04c874f3c10346b815d563917499db97c3b47887ad13
outputs/predictions/xgboost_v2_validation_predictions.csv.gz,outputs/tuning/predictions/xgboost_v2_validation_predictions.csv.gz,3283403,e84c8d051143b103b33bc53ff374360a4fc9c029c9e3765fbd48b35d362df4d1
outputs/tables/v2_per_property_type_test_metrics.csv,outputs/tuning/tables/v2_per_property_type_test_metrics.csv,1278,a0aa867ca6345fbf936ecbe7df9173d8b62d5df6c70ec95b683d2b7707830bf6
outputs/tables/v2_test_comparison.csv,outputs/tuning/tables/v2_test_comparison.csv,716,d301c7f112e4664104bbf0dfc5bfd0839ec6bb7fbdced43320009c9523950343
outputs/tables/v2_validation_comparison.csv,outputs/tuning/tables/v2_validation_comparison.csv,704,c7736ad1e29ff4700fb48ead38183320d8be39ec5b55d46fa4f559bc2940739e
outputs/tables/v2_xgboost_validation_experiments.csv,outputs/tuning/tables/v2_xgboost_validation_experiments.csv,404,a5e2c3bb84f9eb443064ad1d246abbe21537fc0a612a835dc3a55c03a9b9cfcd
outputs/reports/v2_r2_improvement_report.md,outputs/tuning/reports/v2_r2_improvement_report.md,4282,94a2434b45dfecac6bba106e9241b217a3e0b6db037a9694f4f0ab554b48529e
src/modeling/experiments_v2_xgboost.py,src/tuning/experiments_v2_xgboost.py,2534,cc6712117a8358fa1c637548b275a5728ec8893e64d956fd8abda938d228fdb7
src/modeling/train_xgboost_v2.py,src/tuning/train_xgboost_v2.py,3780,0360a998ef80e581fd5d4f6fbdb018d0fd9d8581cb0ea1eb098db30ebec86cf6
src/modeling/evaluate_v2.py,src/tuning/evaluate_v2.py,9043,8f7058f2ce8c5f5467f61becd6f10c91cd457d083eafb306263731e767bc8f93
src/modeling/make_report_v2.py,src/tuning/make_report_v2.py,3393,182f4fc2d71cb9b5089f756bf7ada21daddb27cc229400fc208d85b22a86de66
